779,307
781,307
783,307
785,307
787,307
789,307
791,307
793,307
795,307
797,308
799,308
801,308
803,308
805,308
807,308
809,308
811,308
813,308
815,309
818,309
820,309
822,309
824,309
826,309
828,310
830,310
832,310
834,310
836,311
838,311
840,311
842,311
844,312
846,312
848,312
850,313
852,313
854,314
856,314
858,315
860,315
862,315
864,316
866,316
868,317
870,318
872,318
874,319
876,319
878,320
880,320
882,321
884,322
886,322
888,323
890,323
892,324
894,325
896,326
898,326
900,327
902,328
904,329
907,329
909,330
911,331
913,331
-1,-1
870,323
872,324
873,326
874,328
875,330
876,332
877,334
878,336
878,338
879,340
880,342
880,344
881,346
881,348
882,350
882,352
883,354
883,356
883,358
883,360
883,362
882,364
880,363
879,361
878,359
877,357
877,355
877,353
878,351
879,349
879,347
878,345
877,343
875,341
873,339
871,337
869,335
867,334
865,333
863,332
861,330
859,329
857,329
855,328
853,327
851,327
849,327
847,326
845,325
843,325
841,325
839,325
837,324
835,324
833,324
831,324
829,324
827,323
825,323
823,323
821,323
819,323
816,323
814,323
812,323
810,323
808,322
806,322
804,322
802,322
800,322
798,322
796,322
794,322
792,322
790,322
788,322
786,322
784,322
782,322
780,322
778,322
776,322
774,322
772,322
770,322
768,322
766,322
764,322
762,322
760,322
758,322
756,322
754,322
752,322
750,323
748,323
746,323
744,323
742,323
740,323
738,323
736,323
734,323
732,323
730,323
728,323
726,323
724,323
722,324
720,324
718,324
716,324
714,324
712,324
710,325
708,325
706,325
704,325
702,325
700,326
698,326
696,326
694,326
692,327
690,327
688,327
686,327
684,327
682,328
680,328
678,328
676,328
674,329
672,329
670,329
668,329
666,330
664,330
662,330
660,331
658,331
656,331
654,331
652,332
650,332
648,333
646,333
644,334
642,334
640,335
638,336
636,337
634,337
632,338
630,339
628,340
626,341
624,343
622,345
620,346
618,347
616,348
614,349
612,351
610,353
608,354
606,355
604,356
602,358
600,360
598,362
596,364
593,366
591,368
589,370
587,371
585,372
583,372
581,373
579,374
577,374
575,372
573,373
-1,-1
577,371
578,369
581,367
583,365
585,363
587,362
589,361
591,359
593,357
595,355
597,353
599,352
601,351
603,350
605,348
607,346
609,344
611,343
613,342
615,340
617,338
619,337
621,336
623,335
625,334
627,333
629,331
631,330
633,329
635,328
637,328
639,327
641,326
643,325
645,325
647,324
649,323
651,323
653,322
655,322
657,321
659,321
661,320
663,320
665,319
667,319
669,318
671,318
673,317
675,317
677,317
679,316
681,316
683,316
685,315
687,315
689,315
691,314
693,314
695,314
697,313
699,313
701,313
703,313
705,312
707,312
709,312
711,312
713,312
715,312
717,312
719,311
721,311
723,311
725,311
727,310
729,310
731,310
733,310
735,310
737,310
739,309
741,309
743,309
745,309
747,309
749,309
751,309
753,308
755,308
757,308
759,308
761,308
763,308
765,308
767,308
769,308
771,308
773,308
775,308
777,308
-1,-1
575,376
573,376
571,376
569,377
567,377
565,376
563,375
561,375
559,376
557,376
555,376
553,377
551,377
549,377
547,378
545,378
544,378
542,378
540,378
538,379
536,379
534,379
532,379
530,379
528,380
526,380
524,380
522,380
520,380
518,381
516,381
514,381
512,381
510,382
508,382
506,382
504,382
502,383
500,383
498,383
496,384
494,384
492,384
490,384
488,385
486,385
484,385
482,386
480,386
478,387
476,387
474,387
472,388
470,388
468,389
466,389
464,390
462,391
460,391
458,392
456,393
-1,-1
577,377
577,379
577,381
576,383
576,385
575,387
575,389
575,391
575,393
575,395
575,397
575,399
575,401
575,403
575,405
575,407
575,409
575,411
575,413
575,416
575,418
575,420
576,422
576,424
576,426
576,428
576,430
577,432
577,434
577,436
577,438
578,440
578,442
578,444
579,446
579,448
580,450
580,452
581,454
581,456
582,458
581,460
582,462
582,464
583,466
584,468
584,470
585,472
586,474
587,476
588,478
589,480
589,482
590,484
591,486
592,488
593,490
594,492
595,494
597,496
599,497
601,497
603,499
605,500
607,500
609,500
611,500
613,500
615,500
617,500
619,500
621,500
623,500
625,500
627,500
629,500
631,500
633,500
635,500
637,500
639,499
641,499
643,499
645,499
647,499
649,499
651,499
653,499
655,499
657,498
659,498
662,498
664,498
666,498
668,498
670,498
672,497
674,497
676,497
678,497
680,497
682,496
683,494
685,493
687,493
-1,-1
685,496
687,496
689,496
691,495
693,494
695,494
697,494
699,494
701,494
703,494
705,494
707,493
709,493
711,493
713,493
715,493
717,493
719,492
721,492
723,492
725,492
727,492
729,491
731,491
733,491
735,491
737,491
739,491
741,490
743,490
745,490
747,490
749,490
751,489
753,489
755,489
758,489
760,489
762,489
764,489
766,489
768,489
770,488
772,488
774,488
776,488
778,488
780,488
782,488
784,488
786,488
788,488
790,488
792,488
794,488
796,488
798,488
800,488
802,488
804,488
806,488
808,488
810,488
812,488
814,488
816,488
818,488
820,487
822,487
824,487
827,487
829,487
831,487
833,487
835,487
837,486
839,486
841,486
843,486
845,486
847,485
849,485
851,484
853,484
855,483
857,482
859,482
861,481
863,479
864,477
865,475
866,473
867,471
868,469
870,467
871,465
872,463
873,461
874,459
875,457
875,455
876,453
877,450
877,448
878,446
879,444
879,442
880,440
880,438
880,436
881,434
881,432
881,430
882,428
882,426
882,424
883,422
883,420
884,418
885,416
885,414
886,412
886,410
887,408
888,406
888,404
888,402
889,400
889,398
889,396
889,394
890,392
890,390
890,387
890,385
890,383
890,381
890,379
890,377
890,375
890,373
890,371
890,369
889,367
889,365
889,363
888,361
888,359
888,357
888,355
887,353
887,351
887,349
886,347
886,345
885,343
885,341
884,339
883,337
882,335
882,333
881,331
880,329
879,327
878,325
876,323
-1,-1
719,490
717,490
715,490
713,490
711,490
709,490
707,490
705,491
703,491
701,491
699,491
697,491
695,489
693,489
691,489
689,489
687,489
685,489
683,489
681,489
679,490
677,490
675,490
673,490
671,490
669,491
667,491
665,491
663,491
661,491
659,491
657,492
654,492
652,492
650,492
648,492
646,492
644,493
642,493
640,493
638,493
636,493
634,493
632,493
630,493
628,493
626,493
624,492
622,492
620,492
618,492
616,492
614,492
612,491
610,491
608,491
606,490
604,490
602,489
600,487
598,485
597,483
596,481
595,479
594,477
593,475
592,473
594,473
596,472
598,472
600,472
602,472
604,472
606,472
608,472
610,472
612,472
614,472
616,472
618,472
620,472
622,472
624,472
627,471
629,469
631,468
633,468
-1,-1
633,471
635,471
637,471
639,471
641,470
643,470
645,470
647,470
649,470
651,469
653,469
655,469
657,469
659,468
661,468
663,468
665,468
667,467
669,467
671,467
673,466
675,466
677,466
679,465
681,465
683,465
685,465
687,465
689,464
691,464
693,464
695,464
697,464
699,464
701,463
703,463
705,463
707,463
709,462
711,462
713,462
715,462
717,462
719,461
721,461
723,461
725,461
727,461
729,461
731,460
733,460
735,460
737,460
739,460
741,459
743,459
745,459
747,459
750,459
752,459
754,458
756,458
758,458
760,458
762,458
764,457
766,457
768,457
770,457
772,456
774,456
776,456
778,456
780,456
782,456
784,455
786,455
788,455
790,455
792,454
794,454
796,454
798,454
800,453
802,453
804,453
806,453
808,452
810,452
812,452
814,452
816,451
818,451
820,451
822,451
824,450
827,450
829,450
831,450
833,449
835,449
837,449
839,449
841,448
843,448
845,448
847,448
849,448
851,448
853,447
855,447
857,447
859,447
861,447
863,446
865,446
867,445
869,444
870,442
871,440
871,438
871,436
871,434
873,432
873,430
873,428
874,426
874,424
875,422
875,420
876,418
877,416
878,414
879,412
879,410
880,408
880,406
881,404
881,402
882,400
882,398
883,396
883,394
883,392
883,390
884,387
884,385
884,383
884,381
884,379
884,377
884,375
884,373
884,371
882,371
880,371
878,371
876,371
874,371
872,371
870,371
868,371
866,371
864,371
862,371
860,371
858,371
856,371
854,371
852,371
850,371
848,371
846,371
844,371
842,371
840,371
838,371
836,371
834,371
832,371
830,371
828,372
826,372
824,372
822,372
819,372
817,372
815,371
813,371
811,371
809,371
807,372
805,372
803,372
801,372
799,372
797,372
795,372
793,372
791,373
789,373
787,373
785,373
783,373
781,373
779,373
777,374
775,374
773,374
771,374
769,374
767,375
765,375
763,375
761,375
759,375
757,375
755,376
753,376
751,376
749,376
747,376
745,376
743,376
741,377
739,377
737,377
735,377
733,377
731,377
729,378
727,378
725,378
723,378
721,379
719,379
717,379
715,379
713,379
711,380
709,380
707,380
705,381
703,381
701,381
699,381
696,382
694,382
692,382
690,382
688,382
686,383
684,383
682,383
680,383
678,383
676,383
674,383
672,384
670,384
668,384
666,384
664,384
662,384
660,384
658,384
656,385
654,385
652,385
650,385
648,385
646,385
644,385
642,385
640,385
638,385
636,385
634,386
632,386
630,386
628,386
626,386
624,386
622,386
620,387
618,387
616,387
614,387
612,387
610,388
608,388
606,388
604,388
602,388
600,388
598,389
596,389
594,389
592,389
590,389
588,389
586,389
584,389
582,388
580,387
580,385
581,383
582,381
583,379
584,381
583,383
582,385
-1,-1
582,390
582,392
582,394
582,396
582,398
582,400
582,402
582,404
582,406
582,408
582,410
582,412
582,415
582,417
582,419
582,421
582,423
583,425
583,427
583,429
583,431
583,433
584,435
584,437
584,439
584,441
585,443
585,445
586,447
586,449
587,451
587,453
588,455
589,457
589,459
589,461
591,462
593,462
595,462
597,462
600,461
602,461
604,461
606,461
608,461
610,461
612,461
614,461
616,461
618,461
620,460
622,460
624,460
626,460
628,460
630,460
632,459
634,459
636,459
638,459
640,459
642,459
644,458
646,458
648,458
650,458
652,457
654,457
656,457
658,457
660,457
662,456
664,456
666,456
668,456
670,455
672,455
674,455
676,455
678,455
680,454
682,454
684,454
686,454
688,453
690,453
692,453
694,453
696,452
698,452
700,452
702,452
704,451
706,451
708,451
710,451
712,450
714,450
716,450
718,450
720,450
722,449
724,449
726,449
728,449
730,449
732,449
734,448
736,448
738,448
740,448
742,447
745,447
747,447
749,447
751,446
753,446
755,446
757,446
759,445
761,445
763,445
765,445
767,445
769,445
771,444
773,444
775,444
777,443
779,441
781,441
783,443
785,443
787,442
789,440
791,440
793,442
795,442
797,441
799,439
801,439
803,439
805,439
807,441
809,441
811,440
813,438
815,438
817,438
819,440
821,439
823,437
826,437
828,437
830,437
832,437
834,439
836,438
838,436
839,434
841,433
843,433
845,433
847,433
849,433
851,433
853,433
855,433
857,433
859,433
861,433
863,433
865,433
867,433
869,434
-1,-1
860,435
858,435
856,435
854,435
852,435
850,435
848,437
846,438
844,438
842,438
840,438
838,438
836,436
834,434
832,434
830,434
828,434
826,434
823,434
821,435
819,435
817,435
815,435
813,435
811,435
809,436
807,436
805,436
803,436
801,436
799,436
797,436
795,437
793,437
791,437
789,437
787,437
785,437
783,438
781,438
779,438
777,438
775,438
773,439
771,439
769,439
767,439
765,439
763,440
761,440
759,440
757,440
755,440
753,441
751,441
749,441
747,441
745,441
743,442
740,442
738,442
736,442
734,442
732,443
730,443
728,443
726,443
724,443
722,444
720,444
718,444
716,444
714,444
712,445
710,445
708,445
706,445
704,446
702,446
700,446
698,446
696,446
694,447
692,447
690,447
688,447
686,447
684,448
682,448
680,448
678,448
676,449
674,449
672,449
670,449
668,449
666,450
664,450
662,450
660,450
658,450
656,451
654,451
652,451
650,451
648,451
646,452
644,452
642,452
640,452
638,452
636,452
634,453
632,453
630,453
628,453
626,453
624,453
622,453
620,454
618,456
616,457
614,457
612,457
610,457
608,457
606,457
604,457
602,457
600,457
598,457
596,457
594,457
592,457
590,455
592,455
594,455
596,455
598,454
600,454
602,454
604,454
606,454
608,454
610,454
612,454
614,454
616,453
618,453
-1,-1
620,456
622,456
624,456
626,456
628,456
630,455
632,455
634,455
636,455
638,455
640,454
642,454
644,454
646,454
648,454
650,453
652,453
654,453
656,453
658,453
660,453
662,452
664,452
666,452
668,452
670,451
672,451
674,451
676,451
678,451
680,450
682,450
684,450
686,450
688,450
690,449
692,449
694,449
696,449
698,449
700,448
702,448
704,448
706,448
708,448
710,447
712,447
714,447
716,447
718,447
720,446
722,446
724,446
726,446
728,446
730,446
732,445
734,445
736,445
738,445
740,444
743,444
745,444
747,444
749,444
751,443
753,443
755,443
757,443
759,442
761,442
763,442
765,442
767,442
769,442
771,442
773,441
775,441
777,441
779,443
781,443
-1,-1
871,446
870,448
869,450
868,453
867,455
867,457
866,459
865,461
864,463
862,465
860,467
858,469
857,471
856,473
854,474
852,475
850,476
848,477
846,478
844,479
842,479
840,480
838,480
836,480
834,480
832,480
830,481
828,481
825,481
823,481
821,481
819,481
817,481
815,481
813,481
811,481
809,481
807,481
805,481
803,481
801,481
799,481
797,481
795,481
793,481
791,481
789,482
787,482
785,482
783,482
781,482
779,482
777,482
775,482
773,482
771,482
769,482
767,482
765,482
763,483
761,483
759,483
757,483
754,483
752,483
750,483
748,483
746,483
744,483
742,484
740,484
738,484
736,484
734,484
732,485
730,485
728,485
726,485
724,485
722,486
720,486
718,486
716,486
714,486
712,487
710,487
708,487
706,487
704,488
702,488
700,488
698,488
-1,-1
615,470
613,470
611,470
609,470
607,470
605,470
603,470
601,470
599,468
597,468
-1,-1
681,493
679,494
677,494
675,494
673,494
671,494
669,495
667,495
665,495
663,495
661,495
659,495
-1,-1
599,364
601,364
604,363
606,362
608,361
610,360
612,358
614,356
616,355
618,354
620,353
622,351
624,349
626,348
628,347
630,346
632,345
634,344
636,343
638,342
640,341
642,340
644,339
646,339
648,338
650,337
652,337
654,336
656,336
658,336
660,335
662,335
664,334
666,334
668,334
670,333
672,333
674,333
676,333
678,333
680,332
682,332
684,332
686,332
688,331
690,331
692,331
694,331
696,331
698,330
700,330
702,330
704,330
706,330
708,330
710,330
712,330
714,329
716,329
718,329
720,329
722,329
724,329
726,329
728,329
730,328
732,328
734,328
736,328
738,328
740,328
742,327
744,327
746,327
748,327
750,329
752,329
754,327
756,327
758,327
760,327
762,327
764,327
766,327
768,327
770,327
772,327
774,327
776,327
778,327
780,327
782,327
784,327
786,327
788,327
790,327
792,327
794,327
796,327
798,327
800,327
802,327
804,327
806,328
808,328
810,328
812,328
814,328
816,328
819,328
821,328
823,329
825,329
827,329
829,329
831,329
833,329
835,329
837,330
839,330
841,330
843,330
845,330
847,330
849,330
850,332
848,332
846,332
844,332
844,334
845,336
846,338
847,340
848,342
849,344
850,346
851,348
852,350
853,352
854,354
855,356
856,358
857,360
858,362
860,363
862,363
864,365
862,365
860,365
858,365
856,365
854,365
852,365
850,366
848,366
846,366
844,366
842,366
840,366
838,366
836,366
834,366
832,366
830,366
828,366
826,366
824,366
822,366
819,366
817,366
815,366
813,366
811,366
809,366
807,367
805,367
803,367
801,367
799,367
797,367
795,367
793,367
791,367
789,367
787,368
785,368
783,368
781,368
779,368
777,368
775,369
773,369
771,369
769,369
767,369
765,369
763,370
761,370
759,370
757,370
755,370
753,370
751,371
749,371
747,371
745,371
743,371
741,371
739,371
737,372
735,372
733,372
731,372
729,372
727,372
725,373
723,373
721,373
719,373
717,373
715,373
713,374
711,374
709,374
707,374
705,375
703,375
701,375
699,375
697,375
695,375
693,376
691,376
688,376
686,376
684,376
682,377
680,377
678,377
676,377
674,377
672,378
670,378
668,378
666,378
664,378
662,379
660,379
658,379
656,379
654,379
652,379
650,379
648,380
646,380
644,380
642,380
640,380
639,378
639,376
640,374
641,372
642,370
643,368
644,366
645,364
646,362
648,360
650,358
652,356
654,354
655,352
656,350
657,348
659,346
661,344
662,342
661,340
659,340
657,341
655,342
653,344
652,346
651,348
649,350
648,352
649,354
648,356
647,358
-1,-1
646,350
645,352
643,354
642,356
641,358
640,360
638,362
638,364
637,366
638,368
639,366
641,366
-1,-1
629,370
629,368
629,366
629,364
628,362
627,360
625,360
623,360
621,360
619,360
617,360
615,361
613,361
611,362
608,363
606,364
604,365
602,366
600,367
598,368
596,369
598,371
600,370
602,370
604,369
606,368
608,367
610,366
612,366
614,365
616,364
618,363
620,363
622,362
623,364
622,366
622,368
621,370
619,372
617,373
615,374
613,375
611,376
609,377
607,378
605,378
603,378
601,379
599,379
597,379
595,379
593,379
591,378
590,376
592,374
594,373
596,372
-1,-1
621,374
621,376
621,378
623,378
625,377
623,376
622,374
623,372
624,370
625,368
626,370
625,372
624,374
-1,-1
634,364
635,362
637,360
638,358
639,356
640,354
641,352
642,350
643,348
644,346
646,344
648,342
650,341
652,341
654,340
-1,-1
741,369
739,369
739,367
739,365
739,363
739,361
739,359
739,357
739,355
739,353
739,351
739,349
739,347
739,345
739,343
739,341
739,339
739,337
739,335
739,333
739,331
741,330
742,332
742,334
743,336
743,338
743,340
742,342
742,344
742,346
742,348
742,350
742,352
742,354
742,356
742,358
744,360
744,358
744,356
744,354
744,352
744,350
744,348
744,346
744,344
745,342
745,340
745,338
745,336
745,334
746,332
746,330
748,329
-1,-1
743,369
745,369
747,369
749,369
749,367
750,365
750,363
750,361
751,359
751,357
751,355
752,353
752,351
752,349
752,347
753,345
753,343
753,341
753,339
753,337
753,335
753,333
753,331
-1,-1
-1,-1
854,333
853,335
855,337
857,339
858,341
859,343
860,345
862,347
864,349
865,351
866,353
868,355
870,357
871,359
872,361
872,363
873,365
875,365
875,363
875,361
874,359
872,357
871,355
870,353
869,351
868,349
867,347
866,345
864,343
862,341
860,339
858,337
856,335
-1,-1
-1,-1
873,378
875,378
876,380
876,382
876,384
876,386
874,387
872,387
870,387
868,387
866,386
864,385
862,385
860,385
858,385
856,385
854,386
852,386
850,386
848,386
846,386
844,387
842,387
840,387
838,387
836,388
834,388
832,388
830,388
828,389
826,389
824,389
821,389
819,389
817,390
815,390
813,390
811,390
809,390
807,391
805,391
803,391
801,391
799,392
797,392
795,392
793,392
791,392
789,394
787,394
785,394
783,393
781,395
779,395
777,395
775,395
773,395
771,396
769,396
767,396
765,396
763,397
761,397
759,397
757,397
755,397
753,397
751,398
749,398
747,398
745,398
743,399
741,399
739,399
737,399
735,400
733,400
731,400
729,400
727,400
725,401
723,401
721,401
719,401
716,401
714,402
712,402
710,402
708,402
706,402
704,403
702,403
700,403
698,403
696,403
694,404
692,404
690,404
688,404
686,404
684,404
682,404
680,405
678,405
676,405
674,405
672,405
670,405
668,405
666,405
664,406
662,406
660,406
658,406
656,406
654,406
652,406
650,407
648,407
646,407
644,407
642,407
640,407
638,407
636,408
634,408
632,408
630,408
628,408
626,408
624,407
622,407
620,407
618,407
616,407
614,407
612,407
610,407
608,407
606,407
604,407
602,407
600,407
598,409
596,410
594,410
592,410
591,408
590,406
590,404
591,402
593,402
595,402
597,402
599,404
601,404
603,404
605,404
607,404
609,404
611,403
613,403
615,403
617,403
619,403
621,403
623,403
625,403
627,403
629,403
631,403
633,402
635,402
637,402
639,402
641,402
643,402
645,402
647,402
649,402
651,401
653,401
655,401
657,401
659,401
661,401
663,400
665,400
667,400
669,400
671,400
673,399
675,399
677,399
679,399
681,399
683,399
685,398
687,398
689,398
691,398
693,398
695,397
697,397
699,397
701,397
703,397
705,396
707,396
709,396
711,396
714,396
716,395
718,395
720,395
722,395
724,395
726,395
728,395
730,394
732,394
734,394
736,394
738,393
740,393
742,393
744,393
746,393
748,392
750,392
752,392
754,392
756,392
758,391
760,391
762,391
764,391
766,391
768,390
770,390
772,390
774,390
776,390
778,389
780,389
782,389
784,389
786,388
788,388
790,388
792,388
794,387
796,387
798,387
800,387
802,387
804,386
806,386
808,386
810,386
812,386
814,385
816,385
818,385
820,385
823,385
825,385
827,385
829,384
831,384
833,384
835,384
837,384
839,384
841,384
843,383
845,383
847,383
849,383
851,383
853,383
855,382
857,382
859,382
861,382
863,382
865,382
867,381
869,382
871,384
873,384
873,382
871,380
873,379
-1,-1
-1,-1
488,416
490,416
492,416
494,416
496,416
498,416
500,416
502,416
504,416
506,417
508,417
510,418
512,418
514,419
516,420
518,421
520,422
522,423
524,424
526,426
528,427
530,428
532,430
534,432
536,434
538,436
540,438
542,439
544,441
546,443
548,445
549,447
550,449
551,451
553,453
554,455
555,457
555,459
556,461
557,463
559,465
560,467
561,469
561,471
562,473
563,475
564,477
565,479
565,481
566,483
566,485
567,487
568,489
568,491
568,493
569,495
569,497
569,499
569,501
570,503
570,505
570,508
570,510
570,512
570,514
570,516
572,516
574,516
576,516
578,516
580,515
582,515
584,515
586,515
588,515
590,514
592,514
594,514
596,514
598,514
600,513
602,513
604,513
606,513
608,513
610,513
612,513
614,513
616,512
618,512
620,512
622,512
624,512
626,512
628,512
630,512
632,512
634,511
636,511
638,511
640,511
642,511
644,511
646,511
648,511
650,511
652,511
654,511
656,511
658,511
660,511
662,510
664,510
666,510
668,510
670,510
673,510
675,510
677,510
679,510
681,510
683,510
685,510
687,510
689,510
691,510
693,509
695,510
697,510
699,509
701,509
703,509
705,509
707,509
709,509
711,509
713,509
715,509
717,509
719,509
721,509
723,509
725,509
727,509
729,509
731,509
733,509
735,509
737,509
739,509
741,509
743,509
745,509
747,509
749,508
751,508
753,508
755,508
757,508
759,508
761,508
764,508
766,508
768,508
770,508
772,508
774,508
776,508
778,508
780,508
782,508
784,508
786,508
788,508
790,508
792,508
794,508
796,508
798,508
800,508
802,508
804,508
806,508
808,508
810,508
812,508
814,508
816,508
818,508
820,509
822,509
824,509
826,509
829,509
831,509
833,509
835,509
837,510
839,510
841,510
843,510
845,510
847,510
849,510
851,510
853,510
855,510
857,510
859,510
861,510
863,510
865,510
867,510
869,511
871,511
873,511
875,511
877,511
879,511
882,511
884,511
886,511
888,511
889,509
888,507
888,505
887,503
887,501
887,499
886,496
886,494
886,492
886,490
887,488
887,486
887,484
887,482
888,480
888,478
888,476
889,474
889,472
890,470
890,468
891,466
892,464
893,462
893,460
894,458
895,456
896,454
897,452
898,450
899,447
900,445
901,443
903,441
905,439
907,437
908,435
909,433
910,431
912,429
-1,-1
486,417
484,417
482,418
480,418
478,419
476,420
474,420
472,421
470,422
468,423
466,424
464,425
462,426
460,427
458,429
456,430
-1,-1
-1,-1
887,434
887,436
887,438
887,440
889,442
889,444
891,445
892,443
892,441
893,439
893,437
892,435
890,434
-1,-1
-1,-1
877,436
876,438
876,440
876,442
875,444
874,446
874,448
873,450
872,453
871,455
871,457
-1,-1
-1,-1
487,438
489,438
491,438
493,438
495,438
497,438
499,438
501,438
503,438
505,439
507,439
509,440
511,441
513,443
515,445
517,446
519,447
521,448
523,450
525,452
527,454
529,456
531,458
532,460
533,462
534,464
536,466
538,468
539,470
540,472
541,474
542,476
543,478
544,480
545,482
545,484
546,486
547,488
547,490
548,492
549,494
549,496
550,498
550,500
550,502
550,504
550,506
550,508
549,510
549,513
548,515
547,517
546,519
546,521
545,523
544,525
543,527
542,529
541,531
539,533
537,535
534,537
532,538
530,539
528,540
526,541
524,542
522,543
520,544
518,544
516,545
514,546
512,547
510,547
508,547
506,545
506,543
505,541
504,539
504,537
503,535
504,533
503,531
503,529
502,527
502,524
501,522
501,520
500,518
500,516
499,514
499,512
499,510
498,508
496,508
495,510
494,512
492,514
492,516
491,518
489,520
488,522
490,522
491,520
489,518
489,516
489,514
489,512
489,510
488,508
488,506
489,504
490,502
491,500
493,499
495,500
497,501
499,503
501,505
503,507
505,509
507,511
509,513
511,515
513,517
515,519
517,522
519,524
521,526
523,527
525,528
527,529
529,528
531,526
530,524
528,522
526,520
524,517
522,516
520,515
518,514
516,512
514,510
512,509
510,508
508,506
506,504
504,502
502,500
500,498
498,496
497,494
499,494
501,495
503,496
505,496
507,497
509,498
511,499
513,500
515,500
517,501
519,502
521,502
523,503
525,504
527,504
529,505
531,505
533,506
535,506
537,506
539,506
539,504
539,502
537,501
535,500
533,499
531,499
529,498
527,498
525,497
523,497
521,496
519,496
517,495
515,495
513,494
511,494
509,493
507,492
505,492
503,492
503,490
502,488
504,486
506,484
508,482
510,480
512,478
514,476
516,474
518,472
520,470
522,470
523,472
523,474
522,476
520,477
518,478
516,480
514,482
512,484
510,485
508,486
506,487
505,489
-1,-1
500,490
498,490
496,490
494,488
492,488
490,487
488,486
486,485
484,483
483,481
482,479
480,477
478,475
476,473
474,471
473,469
471,467
469,465
467,464
465,464
463,465
463,467
463,469
464,471
466,473
467,475
469,477
471,479
473,481
475,483
477,485
479,487
481,489
483,490
483,492
481,492
479,492
477,493
475,493
473,493
471,494
469,494
467,495
465,495
463,495
461,496
459,496
457,496
455,497
-1,-1
496,486
497,484
498,482
500,480
502,478
504,476
505,474
506,472
508,470
510,468
512,466
513,464
514,462
517,461
518,462
518,464
517,466
516,468
514,470
512,472
510,474
508,476
506,478
504,480
502,482
500,484
499,486
-1,-1
498,478
496,478
496,476
497,474
498,472
500,470
502,468
503,466
505,465
505,467
504,469
503,471
501,473
499,475
498,477
-1,-1
491,504
490,506
492,508
492,510
492,512
494,514
495,516
495,518
495,520
496,522
496,524
496,527
496,529
497,531
497,533
496,535
497,537
497,539
498,541
498,543
498,545
499,547
497,548
495,548
493,547
491,547
489,546
487,545
485,545
483,544
481,543
479,542
477,541
475,540
473,538
471,536
470,533
468,531
466,529
464,527
462,525
460,523
458,521
457,519
456,517
455,515
454,513
454,511
-1,-1
474,535
476,535
477,535
479,533
479,530
480,528
481,526
481,524
482,522
483,520
484,518
485,516
486,514
486,512
487,510
-1,-1
473,532
474,530
474,528
475,526
476,524
477,522
478,520
479,518
480,516
481,514
481,512
482,510
483,508
484,506
485,504
486,502
487,500
488,498
489,496
487,495
485,496
483,497
481,497
479,498
477,498
475,499
473,499
471,500
469,500
467,500
465,501
463,501
461,501
459,501
457,502
455,502
-1,-1
485,439
483,439
481,440
479,440
477,441
475,442
473,443
471,445
469,447
467,448
465,449
463,451
461,453
460,455
459,457
458,459
457,461
456,463
455,465
455,467
-1,-1
-1,-1
488,448
490,448
492,448
494,448
495,450
495,452
495,454
495,456
495,458
495,460
495,462
495,464
494,466
494,468
493,470
493,472
493,474
492,476
490,476
489,474
489,472
489,470
488,468
489,466
488,464
488,462
488,460
488,458
487,456
487,454
487,452
487,450
-1,-1
-1,-1
913,460
913,462
912,464
911,466
910,468
909,470
909,472
908,474
908,476
907,478
907,480
907,482
907,484
907,486
907,488
907,490
907,492
908,495
908,497
909,499
909,501
910,503
911,505
912,507
-1,-1
-1,-1
572,462
574,462
576,463
577,465
577,467
577,469
577,471
576,473
574,473
574,471
573,469
572,467
572,465
572,463
-1,-1
-1,-1
891,516
892,518
892,520
892,522
892,524
890,525
888,525
886,525
884,525
882,525
880,525
877,525
875,525
873,525
871,525
869,525
867,525
865,525
863,525
861,525
859,525
857,525
855,525
853,525
851,525
849,526
847,526
845,526
843,526
841,526
839,526
837,526
835,526
833,526
831,526
829,526
826,526
824,526
822,526
820,526
818,526
816,526
814,526
812,527
810,527
808,527
806,527
804,527
802,527
800,527
798,527
796,527
794,527
792,527
790,527
788,527
786,527
784,527
782,528
780,528
778,528
776,528
774,528
772,528
770,528
768,528
765,528
763,528
761,528
759,528
757,528
755,529
753,529
751,529
749,529
747,529
745,529
743,529
741,529
739,529
737,529
735,529
733,529
731,529
729,529
727,530
725,530
723,530
721,530
719,530
717,530
715,530
713,530
711,530
709,531
707,531
705,530
703,530
701,530
699,530
697,530
695,530
693,530
691,530
689,531
686,531
684,531
682,531
680,531
678,531
676,531
674,531
672,531
670,532
668,532
666,532
664,532
662,532
660,532
658,532
656,532
654,532
652,532
650,532
648,532
646,532
644,533
642,533
640,533
638,533
636,533
634,533
632,533
630,533
628,533
626,533
624,533
622,533
620,533
618,533
616,534
614,534
612,534
610,534
608,534
606,534
604,534
602,534
600,534
598,534
596,534
594,534
592,534
590,534
588,534
586,534
584,534
582,534
580,534
578,534
576,534
574,534
572,534
570,534
568,533
566,533
564,533
562,533
560,535
559,537
558,539
555,541
553,543
551,545
549,547
547,549
545,550
543,551
541,552
539,554
537,556
535,557
533,558
531,559
529,560
527,561
525,562
523,563
521,563
519,564
517,564
515,565
513,565
511,566
509,566
507,566
505,566
503,566
501,566
499,566
497,566
495,566
493,566
491,565
489,565
487,564
485,564
483,563
481,562
479,562
477,561
475,560
473,559
471,558
469,557
467,555
465,553
463,552
461,551
459,550
457,549
455,547
453,545
-1,-1
894,519
895,521
897,523
899,525
901,527
903,529
905,531
907,533
909,536
911,538
913,539
-1,-1
-1,-1
